PMID,Title,Authors,Citation,First Author,Journal/Book,Publication Year,Create Date,PMCID,NIHMS ID,DOI
"39361437","Beyond borders: The global impact of violating reproductive human rights","Sridhar A, Koch MR, Kasliwal A, Morris JL, Gil L, Purandare N, Diaz I.","Int J Gynaecol Obstet. 2024 Oct 3. doi: 10.1002/ijgo.15945. Online ahead of print.","Sridhar A","Int J Gynaecol Obstet","2024","2024/10/03","","","10.1002/ijgo.15945"
"39297481","Forward: Transformative reproductive justice futures: Decolonial, feminist, and lesbian theorizations on reproductive justice futures","Clarke K, Forbes K.","J Lesbian Stud. 2024 Sep 19:1-7. doi: 10.1080/10894160.2024.2393565. Online ahead of print.","Clarke K","J Lesbian Stud","2024","2024/09/19","","","10.1080/10894160.2024.2393565"
"39005135","Long-Acting but Reversible: Opportunities to Address Provider Bias in Contraceptive Care","Nacht CL, Contreras J, Ehlenbach M, McGregory K, Houser L, Allen BJ.","Hosp Pediatr. 2024 Aug 1;14(8):690-699. doi: 10.1542/hpeds.2023-007673.","Nacht CL","Hosp Pediatr","2024","2024/07/15","","","10.1542/hpeds.2023-007673"
"38973317","Contraceptive counseling: Shared decision on contraceptive choices","Meriggiola MC, Goulis DG.","Andrology. 2024 Oct;12(7):1525-1528. doi: 10.1111/andr.13688. Epub 2024 Jul 8.","Meriggiola MC","Andrology","2024","2024/07/08","","","10.1111/andr.13688"
"38837867","Increasing access to LARC removal in pediatrics to support adolescent reproductive justice in the United States","Hartheimer JS, Allison BA, Perry MF.","Perspect Sex Reprod Health. 2024 Jun;56(2):85-89. doi: 10.1111/psrh.12270. Epub 2024 Jun 4.","Hartheimer JS","Perspect Sex Reprod Health","2024","2024/06/05","","","10.1111/psrh.12270"
"38751853","Editorial: Health inequities and reproductive justice in the modern era","Aksan AM, Schindler-Ruwisch J.","Front Health Serv. 2024 May 1;4:1414053. doi: 10.3389/frhs.2024.1414053. eCollection 2024.","Aksan AM","Front Health Serv","2024","2024/05/16","PMC11094304","","10.3389/frhs.2024.1414053"
"38747771","Women with disabilities and their motherhood: scoping review","Morais FRC, Moreira MCN, Costa LML.","Cien Saude Colet. 2024 May;29(5):e09202023. doi: 10.1590/1413-81232024295.09202023. Epub 2023 Jul 9.","Morais FRC","Cien Saude Colet","2024","2024/05/15","","","10.1590/1413-81232024295.09202023"
"38722141","Social Safety for Black Women in Perinatal Health Care: A Concept Analysis","Murrell KS, Fleury J.","J Midwifery Womens Health. 2024 Sep-Oct;69(5):767-777. doi: 10.1111/jmwh.13642. Epub 2024 May 9.","Murrell KS","J Midwifery Womens Health","2024","2024/05/09","","","10.1111/jmwh.13642"
"38661101","Medication abortion for adolescents in the United States: Strengthening the role of pediatric primary care providers","Starosta A, Harris J, Gariepy A, Pathy S, Cron J.","Perspect Sex Reprod Health. 2024 Jun;56(2):76-84. doi: 10.1111/psrh.12264. Epub 2024 Apr 25.","Starosta A","Perspect Sex Reprod Health","2024","2024/04/25","","","10.1111/psrh.12264"
"38614207","Pregnancy planning, prevention, and risk evaluation clinics: rethinking the traditional preconception consult","Dahl CM, Fay KE, Wright S, Heuser C.","Am J Obstet Gynecol MFM. 2024 Jun;6(6):101376. doi: 10.1016/j.ajogmf.2024.101376. Epub 2024 Apr 12.","Dahl CM","Am J Obstet Gynecol MFM","2024","2024/04/13","PMC11175997","NIHMS1988415","10.1016/j.ajogmf.2024.101376"
"38560799","Cultivating Vital Conditions For Perinatal Well-Being And A Sustained Commitment To Reproductive Justice","Stuebe A, Creegan A, Knox-Kazimierczuk F, Smith MC, Wade S, Tully K.","Health Aff (Millwood). 2024 Apr;43(4):470-476. doi: 10.1377/hlthaff.2023.01452.","Stuebe A","Health Aff (Millwood)","2024","2024/04/01","","","10.1377/hlthaff.2023.01452"
"38560796","Perinatal Mental Health: The Need For Broader Understanding And Policies That Meet The Challenges","Dossett EC, Stuebe A, Dillion T, Tabb KM.","Health Aff (Millwood). 2024 Apr;43(4):462-469. doi: 10.1377/hlthaff.2023.01455.","Dossett EC","Health Aff (Millwood)","2024","2024/04/01","","","10.1377/hlthaff.2023.01455"
"38518207","Neighborhood eviction trajectories and odds of moderate and serious psychological distress during pregnancy among African American women","Sealy-Jefferson S, Jackson B, Francis B.","Am J Epidemiol. 2024 Jul 8;193(7):968-975. doi: 10.1093/aje/kwae025.","Sealy-Jefferson S","Am J Epidemiol","2024","2024/03/22","PMC11228836","","10.1093/aje/kwae025"
"38295262","What Bioethics Owes Reproductive Justice","Schott S, Brown VA, Fletcher F.","Am J Bioeth. 2024 Feb;24(2):52-55. doi: 10.1080/15265161.2023.2296409. Epub 2024 Jan 31.","Schott S","Am J Bioeth","2024","2024/01/31","","","10.1080/15265161.2023.2296409"
"38295241","Reproductive Justice and Abolition: Important Lessons Black Feminists Have Been Teaching Us for Years","James JE.","Am J Bioeth. 2024 Feb;24(2):55-58. doi: 10.1080/15265161.2023.2296415. Epub 2024 Jan 31.","James JE","Am J Bioeth","2024","2024/01/31","","","10.1080/15265161.2023.2296415"
"38267129","Achieving Reproductive Justice Within Family Planning","Owda R, Loder C.","Obstet Gynecol Clin North Am. 2024 Mar;51(1):211-221. doi: 10.1016/j.ogc.2023.11.006. Epub 2023 Dec 11.","Owda R","Obstet Gynecol Clin North Am","2024","2024/01/24","","","10.1016/j.ogc.2023.11.006"
"38267121","Black Pregnancy-Related Mortality in the United States","Johnson JD.","Obstet Gynecol Clin North Am. 2024 Mar;51(1):1-16. doi: 10.1016/j.ogc.2023.11.005. Epub 2023 Dec 11.","Johnson JD","Obstet Gynecol Clin North Am","2024","2024/01/24","","","10.1016/j.ogc.2023.11.005"
"38254076","Programs and practices that support pregnant people who use drugs' access to sexual and reproductive health care in Canada: a scoping review","Mathias H, Foster LA, Rushton A.","BMC Pregnancy Childbirth. 2024 Jan 22;24(1):72. doi: 10.1186/s12884-023-06225-w.","Mathias H","BMC Pregnancy Childbirth","2024","2024/01/23","PMC10804510","","10.1186/s12884-023-06225-w"
"38179559","Renewed calls for abortion-related research in the post-Roe era","Schott SL, Adams A, Dougherty RJ, Montgomery T, Lapite FC, Fletcher FE.","Front Public Health. 2023 Dec 18;11:1322299. doi: 10.3389/fpubh.2023.1322299. eCollection 2023.","Schott SL","Front Public Health","2023","2024/01/05","PMC10765585","","10.3389/fpubh.2023.1322299"
"38163377","Respectful Maternity Care : A Systematic Review","Cantor AG, Jungbauer RM, Skelly AC, Hart EL, Jorda K, Davis-O'Reilly C, Caughey AB, Tilden EL.","Ann Intern Med. 2024 Jan;177(1):50-64. doi: 10.7326/M23-2676. Epub 2024 Jan 2.","Cantor AG","Ann Intern Med","2024","2024/01/01","","","10.7326/M23-2676"
"38232200","Respectful Maternity Care: Dissemination and Implementation of Perinatal Safety Culture To Improve Equitable Maternal Healthcare Delivery and Outcomes","Cantor AG, Jungbauer RM, Skelly AC, Hart EL, Jorda K, Davis-O’Reilly C, Caughey AB, Tilden EL.","Rockville (MD): Agency for Healthcare Research and Quality (US); 2024 Jan. Report No.: 24-EHC009.","Cantor AG","Respectful Maternity Care: Dissemination and Implementation of Perinatal Safety Culture To Improve Equitable Maternal Healthcare Delivery and Outcomes","2024","2024/01/01","","","10.23970/AHRQEPCCER269"
"38088629","Reproductive Justice Beyond Borders: Global Feminist Solidarity in the Post-Roe Era","Arguedas-Ramírez G, Wenner DM.","J Law Med Ethics. 2023;51(3):606-611. doi: 10.1017/jme.2023.101. Epub 2023 Dec 13.","Arguedas-Ramírez G","J Law Med Ethics","2023","2023/12/13","","","10.1017/jme.2023.101"
"38088626","The Reproductive Injustices of Abortion Bans for Disability","Francis L.","J Law Med Ethics. 2023;51(3):490-496. doi: 10.1017/jme.2023.127. Epub 2023 Dec 13.","Francis L","J Law Med Ethics","2023","2023/12/13","","","10.1017/jme.2023.127"
"38088618","Leveraging the Tools Available: Using the Hyde Amendment to Preserve Minimum Abortion Access and Mitigate Harms in Restrictive States","Carrión F, Hasselbacher L, Thompson TA.","J Law Med Ethics. 2023;51(3):544-548. doi: 10.1017/jme.2023.92. Epub 2023 Dec 13.","Carrión F","J Law Med Ethics","2023","2023/12/13","","","10.1017/jme.2023.92"
"38063548","Period Poverty from a Public Health and Legislative Perspective","Mann S, Byrne SK.","Int J Environ Res Public Health. 2023 Nov 28;20(23):7118. doi: 10.3390/ijerph20237118.","Mann S","Int J Environ Res Public Health","2023","2023/12/08","PMC10706563","","10.3390/ijerph20237118"
"37812509","The Nurses' Role in Reproductive Justice","Kovner C.","Policy Polit Nurs Pract. 2023 Nov;24(4):223-224. doi: 10.1177/15271544231203869.","Kovner C","Policy Polit Nurs Pract","2023","2023/10/09","","","10.1177/15271544231203869"
"37806472","Reproductive care in community health centers: Multi-method evaluation of the Illinois Contraceptive Access Now (ICAN!) demonstration program","Wolff H, McHugh A, Qadir S, Lassar M, Tao K, Stulberg DB.","Contraception. 2024 Jan;129:110305. doi: 10.1016/j.contraception.2023.110305. Epub 2023 Oct 6.","Wolff H","Contraception","2024","2023/10/08","","","10.1016/j.contraception.2023.110305"
"37750671","Reproductive Justice as a Framework for Abortion Care","Hall B, Akwatu C, Danvers AA.","Clin Obstet Gynecol. 2023 Dec 1;66(4):655-664. doi: 10.1097/GRF.0000000000000811. Epub 2023 Sep 18.","Hall B","Clin Obstet Gynecol","2023","2023/09/26","PMC10840704","NIHMS1927269","10.1097/GRF.0000000000000811"
"37734088","Reproductive Justice in the U.S. Immigration Detention System","Pepe CS, Saadi A, Molina RL.","Obstet Gynecol. 2023 Oct 1;142(4):804-808. doi: 10.1097/AOG.0000000000005335. Epub 2023 Sep 7.","Pepe CS","Obstet Gynecol","2023","2023/09/21","PMC10510835","NIHMS1925994","10.1097/AOG.0000000000005335"
"37678895","The Power of Language in Hospital Care for Pregnant and Birthing People: A Vision for Change","Barcelona V, Horton RL, Rivlin K, Harkins S, Green C, Robinson K, Aubey JJ, Holman A, Goffman D, Haley S, Topaz M.","Obstet Gynecol. 2023 Oct 1;142(4):795-803. doi: 10.1097/AOG.0000000000005333. Epub 2023 Sep 7.","Barcelona V","Obstet Gynecol","2023","2023/09/07","PMC10510792","","10.1097/AOG.0000000000005333"
"37675891","Centering disability visibility in reproductive health care: Dismantling barriers to achieve reproductive equity","Fletcher J, Yee H, Ong B, Roden RC.","Womens Health (Lond). 2023 Jan-Dec;19:17455057231197166. doi: 10.1177/17455057231197166.","Fletcher J","Womens Health (Lond)","2023","2023/09/07","PMC10486212","","10.1177/17455057231197166"
"37665507","The afterlife of ""doing medicine"": Birth planning, chronic illness, and regeneration among the Lisu on the China-Myanmar border","Lau TH.","Med Anthropol Q. 2023 Dec;37(4):354-366. doi: 10.1111/maq.12807. Epub 2023 Sep 4.","Lau TH","Med Anthropol Q","2023","2023/09/04","","","10.1111/maq.12807"
"37659986","Rethinking advanced motherhood: a new ethical narrative","De Clercq E, Martani A, Vulliemoz N, Elger BS, Wangmo T.","Med Health Care Philos. 2023 Dec;26(4):591-603. doi: 10.1007/s11019-023-10172-w. Epub 2023 Sep 3.","De Clercq E","Med Health Care Philos","2023","2023/09/02","PMC10725848","","10.1007/s11019-023-10172-w"
"37641572","Endometriosis in the era of precision medicine and impact on sexual and reproductive health across the lifespan and in diverse populations","Giudice LC, Oskotsky TT, Falako S, Opoku-Anane J, Sirota M.","FASEB J. 2023 Sep;37(9):e23130. doi: 10.1096/fj.202300907.","Giudice LC","FASEB J","2023","2023/08/29","PMC10503213","","10.1096/fj.202300907"
"37610991","Mobile programs in family planning","Kaur S, Lathrop E.","Curr Opin Obstet Gynecol. 2023 Dec 1;35(6):501-504. doi: 10.1097/GCO.0000000000000909. Epub 2023 Aug 21.","Kaur S","Curr Opin Obstet Gynecol","2023","2023/08/23","","","10.1097/GCO.0000000000000909"
"37590979","Endometrial Cancer and Reproductive Justice","Doll KM.","Obstet Gynecol. 2023 Sep 1;142(3):477-480. doi: 10.1097/AOG.0000000000005305. Epub 2023 Aug 3.","Doll KM","Obstet Gynecol","2023","2023/08/17","","","10.1097/AOG.0000000000005305"
"37556788","Overdoses, Reproductive Justice, and Harm Reduction","Cooper HLF, Rice W, Cummings J, Livingston MD, Peddireddy S, Rogers E, Dunlop A, Kramer M, Hernandez ND.","Am J Public Health. 2023 Sep;113(9):933-935. doi: 10.2105/AJPH.2023.307379.","Cooper HLF","Am J Public Health","2023","2023/08/09","PMC10413743","","10.2105/AJPH.2023.307379"
"37431805","What is Known About Reproductive Autonomy Among Justice-Involved Black Women?: A Scoping Review","Crawford AD, Ricks TN, Polinard E, Abbyad CW.","J Transcult Nurs. 2023 Sep;34(5):375-388. doi: 10.1177/10436596231183180. Epub 2023 Jul 11.","Crawford AD","J Transcult Nurs","2023","2023/07/11","","","10.1177/10436596231183180"
"37272354","Comparative situational analysis of comprehensive abortion care in four Southern African countries","Macleod CI, Reuvers M, Reynolds JH, Lavelanet A, Delate R.","Glob Public Health. 2023 Jan;18(1):2217442. doi: 10.1080/17441692.2023.2217442.","Macleod CI","Glob Public Health","2023","2023/06/05","","","10.1080/17441692.2023.2217442"
"37244457","Divisions of health equity in departments of obstetrics and gynecology","Clare CA, Pardo C, Minkoff H.","Am J Obstet Gynecol. 2023 Nov;229(5):485-489. doi: 10.1016/j.ajog.2023.05.021. Epub 2023 May 25.","Clare CA","Am J Obstet Gynecol","2023","2023/05/27","","","10.1016/j.ajog.2023.05.021"
"37195638","Reproductive Justice: Inequalities in the Global South","Ambrogi I, Arguedas-Ramírez G.","Dev World Bioeth. 2023 Jun;23(2):91-92. doi: 10.1111/dewb.12404. Epub 2023 May 17.","Ambrogi I","Dev World Bioeth","2023","2023/05/17","","","10.1111/dewb.12404"
"37181329","Long-Acting Reversible Contraception for Adolescents: A Review of Practices to Support Better Communication, Counseling, and Adherence","Durante JC, Sims J, Jarin J, Gold MA, Messiah SE, Francis JKR.","Adolesc Health Med Ther. 2023 May 5;14:97-114. doi: 10.2147/AHMT.S374268. eCollection 2023.","Durante JC","Adolesc Health Med Ther","2023","2023/05/14","PMC10167958","","10.2147/AHMT.S374268"
"37126758","Trend Toward Older Maternal Age Contributed To Growing Racial Inequity In Very-Low-Birthweight Infants In The US","Geronimus AT, Bound J, Hughes L.","Health Aff (Millwood). 2023 May;42(5):674-682. doi: 10.1377/hlthaff.2022.01066.","Geronimus AT","Health Aff (Millwood)","2023","2023/05/01","PMC10559944","NIHMS1932673","10.1377/hlthaff.2022.01066"
"36882975","Decolonizing nursing education and research to address racial disparities in maternal health","Iradukunda F, Canty L.","J Adv Nurs. 2023 Jul;79(7):2465-2469. doi: 10.1111/jan.15624. Epub 2023 Mar 7.","Iradukunda F","J Adv Nurs","2023","2023/03/08","","","10.1111/jan.15624"
"36879314","Contraception use among individuals with substance use disorder increases tenfold with patient-centered, mobile services: a quasi-experimental study","Hurley EA, Goggin K, Piña-Brugman K, Noel-MacDonnell JR, Allen A, Finocchario-Kessler S, Miller MK.","Harm Reduct J. 2023 Mar 6;20(1):28. doi: 10.1186/s12954-023-00760-7.","Hurley EA","Harm Reduct J","2023","2023/03/06","PMC9986654","","10.1186/s12954-023-00760-7"
"36862834","Narratives on Reproductive Justice Among Black Adolescent Girls in Clinical Research in the US","Pfeiffer EJ.","Med Anthropol. 2023 Apr 3;42(3):222-235. doi: 10.1080/01459740.2023.2185145. Epub 2023 Mar 2.","Pfeiffer EJ","Med Anthropol","2023","2023/03/02","PMC10133191","NIHMS1878212","10.1080/01459740.2023.2185145"
"36843836","The Dobbs Decision and the Future of Occupational Health in the US","Bergman ME, Gaskins VA, Allen T, Cheung HK, Hebl M, King EB, Sinclair RR, Siuta RL, Wolfe C, Zelin AI.","Occup Health Sci. 2023;7(1):1-37. doi: 10.1007/s41542-023-00143-1. Epub 2023 Feb 20.","Bergman ME","Occup Health Sci","2023","2023/02/27","PMC9940085","","10.1007/s41542-023-00143-1"
"36842605","Reproductive justice in post-Roe America: Impact of restricted abortion access on patients seeking permanent contraception","Thornton M, Arora KS.","Contraception. 2023 May;121:109995. doi: 10.1016/j.contraception.2023.109995. Epub 2023 Feb 25.","Thornton M","Contraception","2023","2023/02/26","PMC10659109","NIHMS1943077","10.1016/j.contraception.2023.109995"
"36801749","""The first difficulty is time"": The impact of gestational age limits on reproductive health and justice in the context of cross-border travel for abortion care in Europe","De Zordo S, Mishtal J, Zanini G, Gerdts C.","Soc Sci Med. 2023 Mar;321:115760. doi: 10.1016/j.socscimed.2023.115760. Epub 2023 Feb 3.","De Zordo S","Soc Sci Med","2023","2023/02/21","","","10.1016/j.socscimed.2023.115760"
"36693181","Undue Burdens: State Abortion Laws in the United States, 1994-2022","Roth LM, Lee JH.","J Health Polit Policy Law. 2023 Aug 1;48(4):511-543. doi: 10.1215/03616878-10449905.","Roth LM","J Health Polit Policy Law","2023","2023/01/24","","","10.1215/03616878-10449905"
"36649944","Why the cost of living crisis is a reproductive justice matter","Delap N, Kitchen K.","BMJ. 2023 Jan 17;380:118. doi: 10.1136/bmj.p118.","Delap N","BMJ","2023","2023/01/17","","","10.1136/bmj.p118"
"36641098","Challenges accessing contraceptive care and interest in over-the-counter oral contraceptive pill use among Black, Indigenous, and people of color: An online cross-sectional survey","Key K, Wollum A, Asetoyer C, Cervantes M, Lindsey A, Rivera RZ, Flint JR, Zuniga C, Sanchez J, Baum SE.","Contraception. 2023 Apr;120:109950. doi: 10.1016/j.contraception.2023.109950. Epub 2023 Jan 11.","Key K","Contraception","2023","2023/01/14","","","10.1016/j.contraception.2023.109950"
"36637112","Critiquing the Unintended Pregnancy Framework","Auerbach SL, Coleman-Minahan K, Alspaugh A, Aztlan EA, Stern L, Simmonds K.","J Midwifery Womens Health. 2023 Mar;68(2):170-178. doi: 10.1111/jmwh.13457. Epub 2023 Jan 13.","Auerbach SL","J Midwifery Womens Health","2023","2023/01/13","","","10.1111/jmwh.13457"
"36632673","Supporting reproductive health among birthing persons with chronic conditions in the United States: A qualitative multilevel study using systems thinking to inform action","Smith C, Fatima H, McClain E, Bryant K, Verbiest S, Hassmiller Lich K.","Health Serv Res. 2023 Apr;58(2):521-533. doi: 10.1111/1475-6773.14131. Epub 2023 Jan 30.","Smith C","Health Serv Res","2023","2023/01/12","PMC10012242","","10.1111/1475-6773.14131"
"36596740","""What Do You Do if They Say 'No'?"": Agency, Materiality, and Justice in Pelvic Exams","Cusanno BR.","Health Commun. 2023 May;38(5):1065-1070. doi: 10.1080/10410236.2022.2159134. Epub 2023 Jan 3.","Cusanno BR","Health Commun","2023","2023/01/03","","","10.1080/10410236.2022.2159134"
"36583293","Reproductive Autonomy in Appalachia: An Investigation into Perceived Contraceptive Pressure","Huslage M, Ely GE, Nugent WR, Auerbach S, Agbemenu K.","J Interpers Violence. 2023 May;38(9-10):6985-7011. doi: 10.1177/08862605221140035. Epub 2022 Dec 30.","Huslage M","J Interpers Violence","2023","2022/12/30","","","10.1177/08862605221140035"
"36535662","The Intersection of Abortion and Criminalization: Abortion Access for People in Prisons","Paynter MJ, Norman WV.","Semin Reprod Med. 2022 Nov;40(5-06):264-267. doi: 10.1055/s-0042-1758481. Epub 2022 Dec 19.","Paynter MJ","Semin Reprod Med","2022","2022/12/19","","","10.1055/s-0042-1758481"
"36535412","Provider perspectives on patient-centered contraceptive counseling for Latinas in Baltimore, MD","Carvajal DN, Bevilacqua KG, Caldwell MT, Zambrana RE.","Contraception. 2023 Mar;119:109921. doi: 10.1016/j.contraception.2022.109921. Epub 2022 Dec 16.","Carvajal DN","Contraception","2023","2022/12/19","PMC9957913","NIHMS1859674","10.1016/j.contraception.2022.109921"
"36525556","Reproductive justice for unhoused women: An integrative review of the literature","Brott H, Townley G.","J Community Psychol. 2023 Jul;51(5):1935-1960. doi: 10.1002/jcop.22980. Epub 2022 Dec 16.","Brott H","J Community Psychol","2023","2022/12/16","","","10.1002/jcop.22980"
"36478352","Acceptability of reproductive goals assessment in public mental health care","Goodsmith N, Dossett EC, Gitlin R, Fenwick K, Ong JR, Hamilton A, Cordasco KM.","Health Serv Res. 2023 Apr;58(2):510-520. doi: 10.1111/1475-6773.14111. Epub 2023 Jan 12.","Goodsmith N","Health Serv Res","2023","2022/12/08","PMC10012232","","10.1111/1475-6773.14111"
"36427922","Reproductive Justice and Adolescents in a Post-Roe United States","","J Pediatr Adolesc Gynecol. 2022 Dec;35(6):607-608. doi: 10.1016/j.jpag.2022.10.009.","","J Pediatr Adolesc Gynecol","2022","2022/11/25","","","10.1016/j.jpag.2022.10.009"
"36419323","Sexual and Reproductive Health Advocacy Successes, Failures, and Needs in the United States: Perspectives From Key Stakeholders","Manze M, Kwan A, Jones H, Roberts L, Romero D.","Health Promot Pract. 2024 Mar;25(2):183-187. doi: 10.1177/15248399221137053. Epub 2022 Nov 23.","Manze M","Health Promot Pract","2024","2022/11/24","","","10.1177/15248399221137053"
"36388866","A Qualitative Analysis on Sexual and Reproductive Health Needs and Issues During COVID-19 Using a Reproductive Justice Framework","de la Rocha P, Sudhinaraset M, Jones NV, Kim C, Cabral A, Amani B.","Ethn Dis. 2022 Oct 20;32(4):357-372. doi: 10.18865/ed.32.4.357. eCollection 2022 Fall.","de la Rocha P","Ethn Dis","2022","2022/11/17","PMC9590595","","10.18865/ed.32.4.357"
"36388862","Maternal and Infant Health Inequities, Reproductive Justice and COVID Addressed in RACE Series","Ford CL, Walker V, Crear-Perry J, Gipson JD.","Ethn Dis. 2022 Oct 20;32(4):351-356. doi: 10.18865/ed.32.4.351. eCollection 2022 Fall.","Ford CL","Ethn Dis","2022","2022/11/17","PMC9590602","","10.18865/ed.32.4.351"
"36254375","Women's mental health and climate change Part II: Socioeconomic stresses of climate change and eco-anxiety for women and their children","Rothschild J, Haase E.","Int J Gynaecol Obstet. 2023 Feb;160(2):414-420. doi: 10.1002/ijgo.14514. Epub 2022 Oct 31.","Rothschild J","Int J Gynaecol Obstet","2023","2022/10/18","","","10.1002/ijgo.14514"
"36201766","Long-Acting Reversible Contraception","Baker CC, Creinin MD.","Obstet Gynecol. 2022 Nov 1;140(5):883-897. doi: 10.1097/AOG.0000000000004967. Epub 2022 Oct 5.","Baker CC","Obstet Gynecol","2022","2022/10/06","","","10.1097/AOG.0000000000004967"
"36194516","From preventive eugenics to slippery eugenics: Population control and contemporary sterilisations targeted to indigenous peoples in Mexico","Sanchez-Rivera R.","Sociol Health Illn. 2023 Jan;45(1):128-144. doi: 10.1111/1467-9566.13556. Epub 2022 Oct 4.","Sanchez-Rivera R","Sociol Health Illn","2023","2022/10/04","PMC10092020","","10.1111/1467-9566.13556"
"36192244","Centering equity: Addressing structural and social determinants of health to improve maternal and infant health outcomes","Clark A, Wescott P, Mitchell N, Mahdi I, Crear-Perry J.","Semin Perinatol. 2022 Dec;46(8):151661. doi: 10.1016/j.semperi.2022.151661. Epub 2022 Aug 29.","Clark A","Semin Perinatol","2022","2022/10/03","","","10.1016/j.semperi.2022.151661"
"36002861","Repercussions of overturning Roe v. Wade for women across systems and beyond borders","Coen-Sanchez K, Ebenso B, El-Mowafi IM, Berghs M, Idriss-Wheeler D, Yaya S.","Reprod Health. 2022 Aug 24;19(1):184. doi: 10.1186/s12978-022-01490-y.","Coen-Sanchez K","Reprod Health","2022","2022/08/24","PMC9404636","","10.1186/s12978-022-01490-y"
"35993104","Ethics of a Mandatory Waiting Period for Female Sterilization","Amalraj J, Arora KS.","Hastings Cent Rep. 2022 Jul;52(4):17-25. doi: 10.1002/hast.1405.","Amalraj J","Hastings Cent Rep","2022","2022/08/22","PMC9621110","NIHMS1841337","10.1002/hast.1405"
"35981444","The environments of reproductive and birth defects research in the U.S. and West Germany (c. 1955-1975)","Nemec B, Dron H.","Stud Hist Philos Sci. 2022 Oct;95:50-63. doi: 10.1016/j.shpsa.2022.07.001. Epub 2022 Aug 15.","Nemec B","Stud Hist Philos Sci","2022","2022/08/18","","","10.1016/j.shpsa.2022.07.001"
"35937443","Inequity and injustice: recognizing infertility as a reproductive justice issue","Perritt J, Eugene N.","F S Rep. 2021 Sep 2;3(2 Suppl):2-4. doi: 10.1016/j.xfre.2021.08.007. eCollection 2022 May.","Perritt J","F S Rep","2021","2022/08/08","PMC9349227","","10.1016/j.xfre.2021.08.007"
"35909643","Integrated Methods for Applying Critical Race Theory to Qualitative COVID-19 Equity Research","Amani B, Cabral A, Sharif MZ, Huỳnh J, Skrine Jeffers K, Baptista SA, McAndrew B, Bradford NJ, de la Rocha P, Ford CL.","Ethn Dis. 2022 Jul 21;32(3):243-256. doi: 10.18865/ed.32.3.243. eCollection 2022 Summer.","Amani B","Ethn Dis","2022","2022/08/01","PMC9311305","","10.18865/ed.32.3.243"
"35841130","Racism is a motivator and a barrier for people of color aspiring to become midwives in the United States","Mehra R, Alspaugh A, Joseph J, Golden B, Lanshaw N, McLemore MR, Franck LS.","Health Serv Res. 2023 Feb;58(1):40-50. doi: 10.1111/1475-6773.14037. Epub 2022 Jul 23.","Mehra R","Health Serv Res","2023","2022/07/16","PMC9836944","","10.1111/1475-6773.14037"
"35835106","Unequal reproductive justice under the law","Goldman I, van der Vos K, Owen-Woods C, Panada E, Yu S, Hamilton S.","Cell Rep Med. 2022 Aug 16;3(8):100698. doi: 10.1016/j.xcrm.2022.100698. Epub 2022 Jul 13.","Goldman I","Cell Rep Med","2022","2022/07/14","PMC9418683","","10.1016/j.xcrm.2022.100698"
"35830657","Reproductive Justice Matters: A Public Health of Consequence, August 2022","Kapadia F.","Am J Public Health. 2022 Aug;112(8):1107-1109. doi: 10.2105/AJPH.2022.306959.","Kapadia F","Am J Public Health","2022","2022/07/13","PMC9342828","","10.2105/AJPH.2022.306959"
"35809528","Lived experiences of pregnancy and prison through a reproductive justice lens: A qualitative meta-synthesis","Cavanagh A, Shamsheri T, Shen K, Gaber J, Liauw J, Vanstone M, Kouyoumdjian F.","Soc Sci Med. 2022 Aug;307:115179. doi: 10.1016/j.socscimed.2022.115179. Epub 2022 Jul 1.","Cavanagh A","Soc Sci Med","2022","2022/07/09","","","10.1016/j.socscimed.2022.115179"
"35742333","American Indian Motherhood and Historical Trauma: Keetoowah Experiences of Becoming Mothers","Maxwell D, Mauldin R, Thomas J, Holland V.","Int J Environ Res Public Health. 2022 Jun 9;19(12):7088. doi: 10.3390/ijerph19127088.","Maxwell D","Int J Environ Res Public Health","2022","2022/06/24","PMC9222731","","10.3390/ijerph19127088"
"35728782","The transition to parenthood in obstetrics: enhancing prenatal care for 2-generation impact","Monk C, Dimidjian S, Galinsky E, Gregory KD, Hoffman MC, Howell EA, Miller ES, Osborne C, Rogers CE, Saxbe DE, D'Alton ME.","Am J Obstet Gynecol MFM. 2022 Sep;4(5):100678. doi: 10.1016/j.ajogmf.2022.100678. Epub 2022 Jun 18.","Monk C","Am J Obstet Gynecol MFM","2022","2022/06/21","","","10.1016/j.ajogmf.2022.100678"
"35706995","The Problems with Crisis Pregnancy Centers: Reviewing the Literature and Identifying New Directions for Future Research","Montoya MN, Judge-Golden C, Swartz JJ.","Int J Womens Health. 2022 Jun 8;14:757-763. doi: 10.2147/IJWH.S288861. eCollection 2022.","Montoya MN","Int J Womens Health","2022","2022/06/16","PMC9189146","","10.2147/IJWH.S288861"
"35609628","Stakeholder perspectives in New York State on reproductive health and pregnancy intention screening in primary care: A qualitative study","Romero D, Manze M, Roberts L, McGroarty A, Jones HE.","Contraception. 2022 Aug;112:93-99. doi: 10.1016/j.contraception.2022.05.008. Epub 2022 May 22.","Romero D","Contraception","2022","2022/05/24","","","10.1016/j.contraception.2022.05.008"
"35597277","Racism and perinatal health inequities research: where we have been and where we should go","Headen IE, Elovitz MA, Battarbee AN, Lo JO, Debbink MP.","Am J Obstet Gynecol. 2022 Oct;227(4):560-570. doi: 10.1016/j.ajog.2022.05.033. Epub 2022 May 18.","Headen IE","Am J Obstet Gynecol","2022","2022/05/21","PMC9529822","NIHMS1810370","10.1016/j.ajog.2022.05.033"
"35537214","Black Women's Lived Experiences of Abortion","Brown K, Plummer M, Bell A, Combs M, Gates-Burgess B, Mitchell A, Sparks M, McLemore MR, Jackson A.","Qual Health Res. 2022 Jun;32(7):1099-1113. doi: 10.1177/10497323221097622. Epub 2022 May 10.","Brown K","Qual Health Res","2022","2022/05/10","","","10.1177/10497323221097622"
"35476767","Refocusing the Conduct of Maternal Mortality Research in Black Pregnant Populations: Ethical Considerations","Amore AD.","J Perinat Neonatal Nurs. 2022 Apr-Jun 01;36(2):131-137. doi: 10.1097/JPN.0000000000000646.","Amore AD","J Perinat Neonatal Nurs","2022","2022/04/27","PMC9060348","NIHMS1775989","10.1097/JPN.0000000000000646"
"35467067","Illegal abortion and reproductive injustice in the Pacific Islands: A qualitative analysis of court data","Burry K, Beek K, Vallely L, Worth H, Haire B.","Dev World Bioeth. 2023 Jun;23(2):166-175. doi: 10.1111/dewb.12352. Epub 2022 Apr 25.","Burry K","Dev World Bioeth","2023","2022/04/25","","","10.1111/dewb.12352"
"35439531","Balancing enhanced contraceptive access with risk of reproductive injustice: A United States comparative case study","Moniz MH, Spector-Bagdady K, Perritt JB, Heisler M, Loder CM, Wetmore MK, Harris LH.","Contraception. 2022 Sep;113:88-94. doi: 10.1016/j.contraception.2022.04.004. Epub 2022 Apr 16.","Moniz MH","Contraception","2022","2022/04/19","","","10.1016/j.contraception.2022.04.004"
"35438013","Justice for Incarcerated Moms Act of 2021: Reflections and recommendations","Shlafer RJ, Gerrity E, Norris C, Freeman-Cook R, B Sufrin C.","Womens Health (Lond). 2022 Jan-Dec;18:17455057221093037. doi: 10.1177/17455057221093037.","Shlafer RJ","Womens Health (Lond)","2022","2022/04/19","PMC9021469","","10.1177/17455057221093037"
"35390205","Assessing feasibility of an adolescent relationship abuse prevention program for girls","Hill AV, Mistry S, Paglisotti TE, Dwarakanath N, Lavage DR, Hill AL, Iwuanyanwu R, Stokes LR, Jones KA, Miller E.","J Adolesc. 2022 Apr;94(3):333-353. doi: 10.1002/jad.12026. Epub 2022 Feb 28.","Hill AV","J Adolesc","2022","2022/04/07","PMC9009219","NIHMS1779408","10.1002/jad.12026"
"35332999","Assisted reproduction technologies and reproductive justice in the production of parenthood and origin: Uses and meanings of the co-produced gestation and the surrogacy in Brazil","da Silva Junior AL, Fortuna Pontes M, Uziel AP.","Dev World Bioeth. 2023 Jun;23(2):122-137. doi: 10.1111/dewb.12350. Epub 2022 Mar 25.","da Silva Junior AL","Dev World Bioeth","2023","2022/03/25","","","10.1111/dewb.12350"
"35294385","Language and Measurement of Contraceptive Need and Making These Indicators More Meaningful for Measuring Fertility Intentions of Women and Girls","Speizer IS, Bremner J, Farid S.","Glob Health Sci Pract. 2022 Feb 28;10(1):e2100450. doi: 10.9745/GHSP-D-21-00450. Print 2022 Feb 28.","Speizer IS","Glob Health Sci Pract","2022","2022/03/16","PMC8885354","","10.9745/GHSP-D-21-00450"
"35285953","Promoting justice through community-based research: International case studies","Suarez-Balcazar Y, Balcazar F, Miranda DE, Velazquez T, Arcidiacono C, Garcia-Ramirez M.","Am J Community Psychol. 2022 Jun;69(3-4):318-330. doi: 10.1002/ajcp.12584. Epub 2022 Mar 14.","Suarez-Balcazar Y","Am J Community Psychol","2022","2022/03/14","","","10.1002/ajcp.12584"
"35217389","The other side of the story: Intended parents' surrogacy journeys, stigma and relational reproductive justice","Shah S, Ergler C, Hohmann-Marriott B.","Health Place. 2022 Mar;74:102769. doi: 10.1016/j.healthplace.2022.102769. Epub 2022 Feb 23.","Shah S","Health Place","2022","2022/02/26","","","10.1016/j.healthplace.2022.102769"
"35194746","Comparative Effectiveness and Safety of Intrauterine Contraception and Tubal Ligation","Schwarz EB, Lewis CA, Dove MS, Murphy E, Zuckerman D, Nunez-Eddy C, Tancredi DJ, McDonald-Mosley R, Sonalkar S, Hathaway M, Gariepy AM.","J Gen Intern Med. 2022 Dec;37(16):4168-4175. doi: 10.1007/s11606-022-07433-4. Epub 2022 Feb 23.","Schwarz EB","J Gen Intern Med","2022","2022/02/23","PMC8863411","","10.1007/s11606-022-07433-4"
"35172842","Reproductive justice in patient care: tackling systemic racism and health inequities in sexual and reproductive health and rights in Canada","Coen-Sanchez K, Idriss-Wheeler D, Bancroft X, El-Mowafi IM, Yalahow A, Etowa J, Yaya S.","Reprod Health. 2022 Feb 16;19(1):44. doi: 10.1186/s12978-022-01328-7.","Coen-Sanchez K","Reprod Health","2022","2022/02/17","PMC8849010","","10.1186/s12978-022-01328-7"
"35130060","Racism Runs Through It: Examining The Sexual And Reproductive Health Experience Of Black Women In The South","Thompson TM, Young YY, Bass TM, Baker S, Njoku O, Norwood J, Simpson M.","Health Aff (Millwood). 2022 Feb;41(2):195-202. doi: 10.1377/hlthaff.2021.01422.","Thompson TM","Health Aff (Millwood)","2022","2022/02/07","","","10.1377/hlthaff.2021.01422"
"34984946","Exploring Black Women's Pathways to Motherhood Within a Reproductive Justice Framework","Leath S, Wright P, Charity-Parker B, Stephens E.","Qual Health Res. 2022 Mar;32(4):694-709. doi: 10.1177/10497323211066869. Epub 2022 Jan 5.","Leath S","Qual Health Res","2022","2022/01/05","","","10.1177/10497323211066869"
"34971613","Doctor knows best? Provider bias in the context of contraceptive counseling in the United States","Mann ES, Chen AM, Johnson CL.","Contraception. 2022 Jun;110:66-70. doi: 10.1016/j.contraception.2021.11.009. Epub 2021 Dec 28.","Mann ES","Contraception","2022","2021/12/31","","","10.1016/j.contraception.2021.11.009"
"34930318","Reproductive justice in the time of COVID-19: a systematic review of the indirect impacts of COVID-19 on sexual and reproductive health","Mukherjee TI, Khan AG, Dasgupta A, Samari G.","Reprod Health. 2021 Dec 20;18(1):252. doi: 10.1186/s12978-021-01286-6.","Mukherjee TI","Reprod Health","2021","2021/12/21","PMC8686348","","10.1186/s12978-021-01286-6"
"34816456","Reproductive justice for the haunted Nordic welfare state: Race, racism, and queer bioethics in Finland","Sudenkaarne T, Blell M.","Bioethics. 2022 Mar;36(3):328-335. doi: 10.1111/bioe.12973. Epub 2021 Nov 24.","Sudenkaarne T","Bioethics","2022","2021/11/24","PMC9299086","EMS150698","10.1111/bioe.12973"
"34748748","Obtaining buy-in for immediate postpartum long-acting reversible contraception programs in Texas hospitals: A qualitative study","Hopkins K, Remington C, Eilers MA, Rivas SD, Wallace Huff C, Moore LD, Hampton RM, Ogburn T.","Contraception. 2022 Apr;108:32-36. doi: 10.1016/j.contraception.2021.10.016. Epub 2021 Nov 5.","Hopkins K","Contraception","2022","2021/11/08","PMC9098369","NIHMS1756194","10.1016/j.contraception.2021.10.016"
"34726567","Reproductive health policy saga: Restrictive abortion laws in low- and middle-income countries (LMICs), unnecessary cause of maternal mortality","Ngo NV, Pemunta NV, Basil N, Fokunang ET, Mbong SE, Ezra K, Che HN, Umbugadu ES.","Health Care Women Int. 2024;45(1):5-23. doi: 10.1080/07399332.2021.1994971. Epub 2021 Nov 2.","Ngo NV","Health Care Women Int","2024","2021/11/02","","","10.1080/07399332.2021.1994971"
"34598985","Population heterogeneity in associations between hormonal contraception and antidepressant use in Sweden: a prospective cohort study applying intersectional multilevel analysis of individual heterogeneity and discriminatory accuracy (MAIHDA)","Zettermark S, Khalaf K, Perez-Vicente R, Leckie G, Mulinari D, Merlo J.","BMJ Open. 2021 Oct 1;11(10):e049553. doi: 10.1136/bmjopen-2021-049553.","Zettermark S","BMJ Open","2021","2021/10/02","PMC8488727","","10.1136/bmjopen-2021-049553"
"34550780","Learning from the Past: Discussing Lessons from Reproductive Justice in the Gene-Editing Sphere","Philippe-Auguste J, Berdecio I, Terry SF.","Genet Test Mol Biomarkers. 2021 Sep;25(9):571-572. doi: 10.1089/gtmb.2021.0217.","Philippe-Auguste J","Genet Test Mol Biomarkers","2021","2021/09/22","","","10.1089/gtmb.2021.0217"
"34528183","Lessons Learned from Longer Acting Reversible Contraception Applied to Longer Acting HIV Prevention Technologies","Logan R, Seidman D.","Curr HIV/AIDS Rep. 2021 Oct;18(5):483-488. doi: 10.1007/s11904-021-00571-0. Epub 2021 Sep 15.","Logan R","Curr HIV/AIDS Rep","2021","2021/09/16","PMC8442650","","10.1007/s11904-021-00571-0"
"34339927","Reasons for rejecting hormonal contraception in Western countries: A systematic review","Le Guen M, Schantz C, Régnier-Loilier A, de La Rochebrochard E.","Soc Sci Med. 2021 Sep;284:114247. doi: 10.1016/j.socscimed.2021.114247. Epub 2021 Jul 20.","Le Guen M","Soc Sci Med","2021","2021/08/02","","","10.1016/j.socscimed.2021.114247"
"34303291","""Going through it together"": Being accompanied by loved ones during birth and abortion","Altshuler AL, Ojanen-Goldsmith A, Blumenthal PD, Freedman LR.","Soc Sci Med. 2021 Sep;284:114234. doi: 10.1016/j.socscimed.2021.114234. Epub 2021 Jul 15.","Altshuler AL","Soc Sci Med","2021","2021/07/24","","","10.1016/j.socscimed.2021.114234"
"34241891","Telemedicine abortion: A channel to Brazilian women","Diniz D, Ambrogi I, Carino G.","Int J Gynaecol Obstet. 2021 Oct;155(1):161-162. doi: 10.1002/ijgo.13821. Epub 2021 Jul 27.","Diniz D","Int J Gynaecol Obstet","2021","2021/07/09","","","10.1002/ijgo.13821"
"34165238","Universal Health Care for the United States: A Primer for Health Care Providers","Alspaugh A, Lanshaw N, Kriebs J, Van Hoover C.","J Midwifery Womens Health. 2021 Jul;66(4):441-451. doi: 10.1111/jmwh.13233. Epub 2021 Jun 24.","Alspaugh A","J Midwifery Womens Health","2021","2021/06/24","","","10.1111/jmwh.13233"
"34162395","Looking through the lens of reproductive justice: the need for a paradigm shift in sexual and reproductive health and rights research in Canada","Idriss-Wheeler D, El-Mowafi IM, Coen-Sanchez K, Yalahow A, Yaya S.","Reprod Health. 2021 Jun 23;18(1):129. doi: 10.1186/s12978-021-01169-w.","Idriss-Wheeler D","Reprod Health","2021","2021/06/24","PMC8220359","","10.1186/s12978-021-01169-w"
"34114324","The Convergence of COVID-19 and Systemic Racism: An Evaluation of Current Evidence, Health System Changes, and Solutions Grounded in Reproductive Justice","Britt AJ, Carlson NS, Joseph NT, Amore AD.","J Midwifery Womens Health. 2021 May;66(3):298-303. doi: 10.1111/jmwh.13250. Epub 2021 Jun 11.","Britt AJ","J Midwifery Womens Health","2021","2021/06/11","PMC9014468","NIHMS1707900","10.1111/jmwh.13250"
"34109150","Demolishing the Myth of the Default Human That Is Killing Black Mothers","Bray SRM, McLemore MR.","Front Public Health. 2021 May 24;9:675788. doi: 10.3389/fpubh.2021.675788. eCollection 2021.","Bray SRM","Front Public Health","2021","2021/06/10","PMC8183820","","10.3389/fpubh.2021.675788"
"34055720","Reducing Sexual and Reproductive Health Inequities Between Natives and Migrants: A Delphi Consensus for Sustainable Cross-Cultural Healthcare Pathways","Candeias P, Alarcão V, Stefanovska-Petkovska M, Santos O, Virgolino A, Pintassilgo S, Pascoal PM, Costa AS, Machado FL.","Front Public Health. 2021 May 13;9:656454. doi: 10.3389/fpubh.2021.656454. eCollection 2021.","Candeias P","Front Public Health","2021","2021/05/31","PMC8155376","","10.3389/fpubh.2021.656454"
"34052207","Closing the contraceptive coverage gap: A multipronged approach to advancing reproductive equity in Illinois","Lassar M, Tao K, Bond T, Qadir S, Stulberg DB.","Contraception. 2021 Nov;104(5):473-477. doi: 10.1016/j.contraception.2021.05.010. Epub 2021 May 27.","Lassar M","Contraception","2021","2021/05/30","","","10.1016/j.contraception.2021.05.010"
"34006210","Women's perspectives on long-acting reversible contraception: a critical scoping review of qualitative research","Morison T, Eagar D.","Women Health. 2021 Jul;61(6):527-541. doi: 10.1080/03630242.2021.1927284. Epub 2021 May 18.","Morison T","Women Health","2021","2021/05/19","","","10.1080/03630242.2021.1927284"
"34003876","Reproductive healthcare in prison: A qualitative study of women's experiences and perspectives in Ontario, Canada","Liauw J, Jurgutis J, Nouvet E, Dineley B, Kearney H, Reaka N, Fitzpatrick-Lewis D, Peirson L, Kouyoumdjian F.","PLoS One. 2021 May 18;16(5):e0251853. doi: 10.1371/journal.pone.0251853. eCollection 2021.","Liauw J","PLoS One","2021","2021/05/18","PMC8130921","","10.1371/journal.pone.0251853"
"33970521","Reproductive justice and black lives: A concept analysis for public health nursing","Burger K, Evans-Agnew R, Johnson S.","Public Health Nurs. 2022 Jan;39(1):238-250. doi: 10.1111/phn.12919. Epub 2021 May 10.","Burger K","Public Health Nurs","2022","2021/05/10","","","10.1111/phn.12919"
"33917408","Sociodemographic and Service Use Characteristics of Abortion Fund Cases from Six States in the U.S. Southeast","Rice WS, Labgold K, Peterson QT, Higdon M, Njoku O.","Int J Environ Res Public Health. 2021 Apr 6;18(7):3813. doi: 10.3390/ijerph18073813.","Rice WS","Int J Environ Res Public Health","2021","2021/04/30","PMC8038751","","10.3390/ijerph18073813"
"33904769","Racial Disparities in Sexual Assault Characteristics and Mental Health Care After Sexual Assault Medical Forensic Exams","Mosley EA, Prince JR, McKee GB, Carter SE, Leone RM, Gill-Hopple K, Gilmore AK.","J Womens Health (Larchmt). 2021 Oct;30(10):1448-1456. doi: 10.1089/jwh.2020.8935. Epub 2021 Apr 27.","Mosley EA","J Womens Health (Larchmt)","2021","2021/04/27","PMC8590152","","10.1089/jwh.2020.8935"
"33894250","Perspectives of internal medicine physicians regarding medication abortion provision in the primary care setting","Wolgemuth T, Judge-Golden C, Lane K, Stern J, Borrero S.","Contraception. 2021 Oct;104(4):420-425. doi: 10.1016/j.contraception.2021.04.012. Epub 2021 Apr 22.","Wolgemuth T","Contraception","2021","2021/04/24","PMC8745765","NIHMS1763660","10.1016/j.contraception.2021.04.012"
"33812483","Joia Crear-Perry: collaborating for racial and reproductive justice","Samarasekera U.","Lancet. 2021 Apr 3;397(10281):1255. doi: 10.1016/S0140-6736(21)00723-6.","Samarasekera U","Lancet","2021","2021/04/04","","","10.1016/S0140-6736(21)00723-6"
"33797464","Addressing long-acting reversible contraception access, bias, and coercion: supporting adolescent and young adult reproductive autonomy","Bryson A, Koyama A, Hassan A.","Curr Opin Pediatr. 2021 Aug 1;33(4):345-353. doi: 10.1097/MOP.0000000000001008.","Bryson A","Curr Opin Pediatr","2021","2021/04/02","","","10.1097/MOP.0000000000001008"
"33750408","The politest form of racism: sexual and reproductive health and rights paradigm in Canada","El-Mowafi IM, Yalahow A, Idriss-Wheeler D, Yaya S.","Reprod Health. 2021 Mar 9;18(1):59. doi: 10.1186/s12978-021-01117-8.","El-Mowafi IM","Reprod Health","2021","2021/03/22","PMC7940862","","10.1186/s12978-021-01117-8"
"33706356","Changing Obstetrics and Gynecology Residency Education to Combat Reproductive Injustice: A Call to Action","Finkbeiner C, Doria C, Ellis-Kahana J, Loder CM.","Obstet Gynecol. 2021 Apr 1;137(4):717-722. doi: 10.1097/AOG.0000000000004297.","Finkbeiner C","Obstet Gynecol","2021","2021/03/11","","","10.1097/AOG.0000000000004297"
"33706348","Community-Engaged Curriculum Development in Sexual and Reproductive Health Equity: Structures and Self","Julian Z, Mengesha B, McLemore MR, Steinauer J.","Obstet Gynecol. 2021 Apr 1;137(4):723-727. doi: 10.1097/AOG.0000000000004324.","Julian Z","Obstet Gynecol","2021","2021/03/11","PMC7984752","","10.1097/AOG.0000000000004324"
"33684087","Unanticipated Consequences of Switching to Sugammadex: Anesthesia Provider Survey on the Hormone Contraceptive Drug Interaction","Dwan RL, Raymond BL, Richardson MG.","Anesth Analg. 2021 Oct 1;133(4):958-966. doi: 10.1213/ANE.0000000000005465.","Dwan RL","Anesth Analg","2021","2021/03/08","","","10.1213/ANE.0000000000005465"
"33600739","Reproductive health systems analyses and the reparative reproductive justice approach: a case study of unsafe abortion in Lesotho","Macleod CI, Reynolds JH.","Glob Public Health. 2022 Jun;17(6):801-814. doi: 10.1080/17441692.2021.1887317. Epub 2021 Feb 18.","Macleod CI","Glob Public Health","2022","2021/02/18","","","10.1080/17441692.2021.1887317"
"33585903","The Comeback of the IUD in Twenty-First Century USA","Watkins ES.","J Hist Med Allied Sci. 2021 Apr 8;76(2):191-216. doi: 10.1093/jhmas/jrab004.","Watkins ES","J Hist Med Allied Sci","2021","2021/02/15","","","10.1093/jhmas/jrab004"
"33561057","RoMoMatteR: Empowering Roma Girls' Mattering through Reproductive Justice","Garcia-Ramirez M, Soto-Ponce B, Albar-Marín MJ, Parra-Casado D, Popova D, Tomsa R.","Int J Environ Res Public Health. 2020 Nov 17;17(22):8498. doi: 10.3390/ijerph17228498.","Garcia-Ramirez M","Int J Environ Res Public Health","2020","2021/02/09","PMC7696935","","10.3390/ijerph17228498"
"33534749","The Nairobi Summit and Reproductive Justice: Unmet Needs for People with Infertility","Dierickx S, De Proost M, Huang AY, Ceesay S, Clarke E, Balen J.","Am J Trop Med Hyg. 2021 Jan 25;104(3):812-813. doi: 10.4269/ajtmh.20-0128.","Dierickx S","Am J Trop Med Hyg","2021","2021/02/03","PMC7941808","","10.4269/ajtmh.20-0128"
"33511506","Structural Inequity and Pregnancy Desires in Emerging Adulthood","Gomez AM, Arteaga S, Freihart B.","Arch Sex Behav. 2021 Aug;50(6):2447-2458. doi: 10.1007/s10508-020-01854-0. Epub 2021 Jan 28.","Gomez AM","Arch Sex Behav","2021","2021/01/29","PMC8316486","NIHMS1668024","10.1007/s10508-020-01854-0"
"33467985","Managing Precarity: Understanding Latinas' Sexual and Reproductive Care-Seeking in a Midwest Emergent Latino Community","Guerra-Reyes L, Palacios I, Ferstead A.","Qual Health Res. 2021 Apr;31(5):871-886. doi: 10.1177/1049732320984430. Epub 2021 Jan 19.","Guerra-Reyes L","Qual Health Res","2021","2021/01/20","","","10.1177/1049732320984430"
"33416289","Evolving the Preconception Health Framework: A Call for Reproductive and Sexual Health Equity","Dehlendorf C, Akers AY, Borrero S, Callegari LS, Cadena D, Gomez AM, Hart J, Jimenez L, Kuppermann M, Levy B, Lu MC, Malin K, Simpson M, Verbiest S, Yeung M, Crear-Perry J.","Obstet Gynecol. 2021 Feb 1;137(2):234-239. doi: 10.1097/AOG.0000000000004255.","Dehlendorf C","Obstet Gynecol","2021","2021/01/08","PMC7813442","","10.1097/AOG.0000000000004255"
"33342534","Fertility-a human right worthy of mandated insurance coverage: the evolution, limitations, and future of access to care","Kawwass JF, Penzias AS, Adashi EY.","Fertil Steril. 2021 Jan;115(1):29-42. doi: 10.1016/j.fertnstert.2020.09.155. Epub 2020 Dec 18.","Kawwass JF","Fertil Steril","2021","2020/12/21","","","10.1016/j.fertnstert.2020.09.155"
"33249620","Building reproductive justice into the safety net","Nall M, Walker IC, Likos KDS.","Public Health Nurs. 2021 Mar;38(2):239-247. doi: 10.1111/phn.12851. Epub 2020 Nov 29.","Nall M","Public Health Nurs","2021","2020/11/29","","","10.1111/phn.12851"
"33100137","""Having a Baby Can Wait"": Experiences of a Sexual and Reproductive Health Promotion Program in the Context of Homelessness among Asian American, Native Hawaiian, and Other Pacific Islander Youth Captured Through PhotoVoice","Aparicio EM, Kachingwe ON, Phillips DR, Jasczynski M, Cabral MK, Aden F, Parekh E, Espero J, Childers C.","Qual Health Res. 2021 Jan;31(2):228-240. doi: 10.1177/1049732320964423. Epub 2020 Oct 26.","Aparicio EM","Qual Health Res","2021","2020/10/26","","","10.1177/1049732320964423"
"33078420","A theoretical model of contraceptive decision-making and behaviour in diabetes: A qualitative application of the Health Belief Model","Johnson E, DeJonckheere M, Oliverio AL, Brown KS, Van Sparrentak M, Wu JP.","Diabet Med. 2021 Jun;38(6):e14434. doi: 10.1111/dme.14434. Epub 2020 Nov 6.","Johnson E","Diabet Med","2021","2020/10/20","PMC8053733","NIHMS1640401","10.1111/dme.14434"
"33068869","Contraceptive selection and practice: Associations with self-identified race and socioeconomic disadvantage","Wright KQ.","Soc Sci Med. 2020 Dec;266:113366. doi: 10.1016/j.socscimed.2020.113366. Epub 2020 Sep 13.","Wright KQ","Soc Sci Med","2020","2020/10/17","PMC7669550","NIHMS1628773","10.1016/j.socscimed.2020.113366"
"33054686","Reproductive injustice, trans rights, and eugenics","Radi B.","Sex Reprod Health Matters. 2020 Dec;28(1):1824318. doi: 10.1080/26410397.2020.1824318.","Radi B","Sex Reprod Health Matters","2020","2020/10/15","PMC7888063","","10.1080/26410397.2020.1824318"
"33047103","Meeting Women's Requests for Intrauterine Device and Contraceptive Implant Discontinuation: An Exploratory Survey of Physicians","Kaneshiro B, Kon Z, Tschann M, Williams A, Kajiwara K, Soon R.","Hawaii J Health Soc Welf. 2020 Oct 1;79(10):296-301.","Kaneshiro B","Hawaii J Health Soc Welf","2020","2020/10/13","PMC7547180","",""
"33005125","Male Contraception","Abbe CR, Page ST, Thirumalai A.","Yale J Biol Med. 2020 Sep 30;93(4):603-613. eCollection 2020 Sep.","Abbe CR","Yale J Biol Med","2020","2020/10/02","PMC7513428","",""
"32974726","True Choice in Reproductive Care: Using Cultural Humility and Explanatory Models to Support Reproductive Justice in Primary Care","Shankar M, Williams M, McClintock AH.","J Gen Intern Med. 2021 May;36(5):1395-1399. doi: 10.1007/s11606-020-06245-8. Epub 2020 Sep 24.","Shankar M","J Gen Intern Med","2021","2020/09/25","PMC7514230","","10.1007/s11606-020-06245-8"
"32858053","Attitudes and beliefs of obstetricians-gynecologists regarding Medicaid postpartum sterilization - A qualitative study","Arora KS, Ponsaran R, Morello L, Katabi L, Behmer Hansen RT, Zite N, White K.","Contraception. 2020 Nov;102(5):376-382. doi: 10.1016/j.contraception.2020.08.009. Epub 2020 Aug 25.","Arora KS","Contraception","2020","2020/08/29","PMC7606385","NIHMS1623281","10.1016/j.contraception.2020.08.009"
"32762931","Postpartum Contraception Options","Floyd S.","Obstet Gynecol Clin North Am. 2020 Sep;47(3):463-475. doi: 10.1016/j.ogc.2020.04.007. Epub 2020 Jun 3.","Floyd S","Obstet Gynecol Clin North Am","2020","2020/08/09","","","10.1016/j.ogc.2020.04.007"
"33347202","To Widen the Cycle: Artists Engage the Menstrual Cycle and Reproductive Justice","Lewis J.","2020 Jul 25. In: Bobel C, Winkler IT, Fahs B, Hasson KA, Kissling EA, Roberts TA, editors. The Palgrave Handbook of Critical Menstruation Studies [Internet]. Singapore: Palgrave Macmillan; 2020. Chapter 58.","Lewis J","The Palgrave Handbook of Critical Menstruation Studies","2020","2020/07/25","","","10.1007/978-981-15-0614-7_58"
"32684310","Community-informed models of perinatal and reproductive health services provision: A justice-centered paradigm toward equity among Black birthing communities","Julian Z, Robles D, Whetstone S, Perritt JB, Jackson AV, Hardeman RR, Scott KA.","Semin Perinatol. 2020 Aug;44(5):151267. doi: 10.1016/j.semperi.2020.151267. Epub 2020 Jun 19.","Julian Z","Semin Perinatol","2020","2020/07/21","","","10.1016/j.semperi.2020.151267"
"32649500","One Hundred Years of Women's Suffrage: Health Care Advocacy, and Why We Vote","Leininger WM, Gupta P.","Obstet Gynecol. 2020 Aug;136(2):349-353. doi: 10.1097/AOG.0000000000004009.","Leininger WM","Obstet Gynecol","2020","2020/07/11","","","10.1097/AOG.0000000000004009"
"32614736","Contraceptive use in Appalachian women who use drugs and were recruited from rural jails","Ely GE, Linn BK, Staton M, Hales TW, Agbemenu K, Maguin E.","Soc Work Health Care. 2020 Jul;59(6):365-386. doi: 10.1080/00981389.2020.1769249.","Ely GE","Soc Work Health Care","2020","2020/07/03","PMC7337968","NIHMS1599740","10.1080/00981389.2020.1769249"
"32589492","Reproductive Life Goals: A Systematic Review of Pregnancy Planning Intentions, Needs, and Interventions Among Women Involved in U.S. Criminal Justice Systems","Hoff E, Adams ZM, Grimshaw A, Goddard-Eckrich DA, Dasgupta A, Sheth SS, Meyer JP.","J Womens Health (Larchmt). 2021 Mar;30(3):412-428. doi: 10.1089/jwh.2019.7951. Epub 2020 Jun 23.","Hoff E","J Womens Health (Larchmt)","2021","2020/06/27","PMC7957381","","10.1089/jwh.2019.7951"
"32436470","Sexual transmission of Zika virus on Twitter: A depoliticised epidemic","Valente PK, Morin C, Roy M, Mercier A, Atlani-Duault L.","Glob Public Health. 2020 Nov;15(11):1689-1701. doi: 10.1080/17441692.2020.1768275. Epub 2020 May 21.","Valente PK","Glob Public Health","2020","2020/05/22","","","10.1080/17441692.2020.1768275"
"32306857","Moving Oral Contraceptives over the Counter: Theory-based Formative Research to Design Communication Strategy","Sundstrom B, Smith E, Vyge K, Miletich A, Benigni G, Delay C, Mann ES, DeMaria AL.","J Health Commun. 2020 Apr 2;25(4):313-322. doi: 10.1080/10810730.2020.1752334. Epub 2020 Apr 19.","Sundstrom B","J Health Commun","2020","2020/04/21","","","10.1080/10810730.2020.1752334"
"32070166","Surrogacy relationships: a critical interpretative review","Gunnarsson Payne J, Korolczuk E, Mezinska S.","Ups J Med Sci. 2020 May;125(2):183-191. doi: 10.1080/03009734.2020.1725935. Epub 2020 Feb 19.","Gunnarsson Payne J","Ups J Med Sci","2020","2020/02/20","PMC7721025","","10.1080/03009734.2020.1725935"
"32045321","Poverty, gender and reproductive justice. A qualitative study among adolescent girls in Western Uganda","Ninsiima AB, Michielsen K, Kemigisha E, Nyakato VN, Leye E, Coene G.","Cult Health Sex. 2020 Apr;22(sup1):65-79. doi: 10.1080/13691058.2019.1660406. Epub 2020 Feb 11.","Ninsiima AB","Cult Health Sex","2020","2020/02/12","","","10.1080/13691058.2019.1660406"
"31967889","Reproductive Justice Disrupted: Mass Incarceration as a Driver of Reproductive Oppression","Hayes CM, Sufrin C, Perritt JB.","Am J Public Health. 2020 Jan;110(S1):S21-S24. doi: 10.2105/AJPH.2019.305407.","Hayes CM","Am J Public Health","2020","2020/01/23","PMC6987912","","10.2105/AJPH.2019.305407"
"31893472","Youth Reproductive Justice: Beyond Choice, Toward Health Equity","Gilliam M.","Health Educ Behav. 2020 Aug;47(4):640-641. doi: 10.1177/1090198119876309. Epub 2020 Jan 1.","Gilliam M","Health Educ Behav","2020","2020/01/02","","","10.1177/1090198119876309"
"31860761","Reproductive justice for those affected by childhood abuse","Walker S.","BJOG. 2020 Mar;127(4):447. doi: 10.1111/1471-0528.16064. Epub 2020 Jan 1.","Walker S","BJOG","2020","2019/12/21","","","10.1111/1471-0528.16064"
"31841662","Pregnancy Outcomes Among Girls Impacted by Commercial Sexual Exploitation","Barnert ES, Godoy SM, Hammond I, Kelly MA, Thompson LR, Mondal S, Bath EP.","Acad Pediatr. 2020 May-Jun;20(4):455-459. doi: 10.1016/j.acap.2019.12.005. Epub 2019 Dec 10.","Barnert ES","Acad Pediatr","2020","2019/12/17","PMC7200271","NIHMS1550007","10.1016/j.acap.2019.12.005"
"31794724","The history of tiered-effectiveness contraceptive counseling and the importance of patient-centered family planning care","Brandi K, Fuentes L.","Am J Obstet Gynecol. 2020 Apr;222(4S):S873-S877. doi: 10.1016/j.ajog.2019.11.1271. Epub 2019 Nov 30.","Brandi K","Am J Obstet Gynecol","2020","2019/12/04","","","10.1016/j.ajog.2019.11.1271"
"31794721","Stage-based implementation of immediate postpartum long-acting reversible contraception using a reproductive justice framework","Harper KD, Loper AC, Louison LM, Morse JE.","Am J Obstet Gynecol. 2020 Apr;222(4S):S893-S905. doi: 10.1016/j.ajog.2019.11.1273. Epub 2019 Nov 30.","Harper KD","Am J Obstet Gynecol","2020","2019/12/04","","","10.1016/j.ajog.2019.11.1273"
"31693413","A Reproductive Justice Approach to Patient-Centered, Structurally Competent Contraceptive Care Among Diverse Sexual Minority US Women","Agénor M.","Am J Public Health. 2019 Dec;109(12):1626-1627. doi: 10.2105/AJPH.2019.305382.","Agénor M","Am J Public Health","2019","2019/11/07","PMC6836799","","10.2105/AJPH.2019.305382"
"31617217","Drawing the line on in vitro gametogenesis","Notini L, Gyngell C, Savulescu J.","Bioethics. 2020 Jan;34(1):123-134. doi: 10.1111/bioe.12679. Epub 2019 Oct 15.","Notini L","Bioethics","2020","2019/10/17","PMC6973109","","10.1111/bioe.12679"
"31533595","Restrained motherhood: the Lebanese state in times of changing demographics and moral values","Yasmine R, Sukkar B.","Sex Reprod Health Matters. 2019 May;27(2):1-12. doi: 10.1080/26410397.2019.1643192.","Yasmine R","Sex Reprod Health Matters","2019","2019/09/20","PMC7888101","","10.1080/26410397.2019.1643192"
"31446919","Palliative Care and the Pregnant Surgical Patient: Epidemiology, Ethics, and Clinical Guidance","Brown BP, Holt R.","Surg Clin North Am. 2019 Oct;99(5):941-953. doi: 10.1016/j.suc.2019.06.004. Epub 2019 Jul 19.","Brown BP","Surg Clin North Am","2019","2019/08/27","","","10.1016/j.suc.2019.06.004"
"31347453","""In Africa, There Was No Family Planning. Every Year You Just Give Birth"": Family Planning Knowledge, Attitudes, and Practices Among Somali and Congolese Refugee Women After Resettlement to the United States","Royer PA, Olson LM, Jackson B, Weber LS, Gawron L, Sanders JN, Turok DK.","Qual Health Res. 2020 Feb;30(3):391-408. doi: 10.1177/1049732319861381. Epub 2019 Jul 26.","Royer PA","Qual Health Res","2020","2019/07/27","PMC7219277","NIHMS1581594","10.1177/1049732319861381"
"31335984","Trauma, immigration, and sexual health among Latina women: Implications for maternal-child well-being and reproductive justice","Fortuna LR, Noroña CR, Porche MV, Tillman C, Patil PA, Wang Y, Markle SL, Alegría M.","Infant Ment Health J. 2019 Sep;40(5):640-658. doi: 10.1002/imhj.21805. Epub 2019 Jul 23.","Fortuna LR","Infant Ment Health J","2019","2019/07/24","PMC6972560","","10.1002/imhj.21805"
"31329311","Long-acting reversible contraception: A route to reproductive justice or injustice","Kaitz M, Mankuta D, Mankuta L.","Infant Ment Health J. 2019 Sep;40(5):673-689. doi: 10.1002/imhj.21801. Epub 2019 Jul 22.","Kaitz M","Infant Ment Health J","2019","2019/07/23","PMC6972575","","10.1002/imhj.21801"
"31323703","Reproductive justice and support for young fathers","Dukes A, Palm G.","Infant Ment Health J. 2019 Sep;40(5):710-724. doi: 10.1002/imhj.21806. Epub 2019 Jul 19.","Dukes A","Infant Ment Health J","2019","2019/07/20","PMC6972708","","10.1002/imhj.21806"
"31323699","Reproductive justice for incarcerated mothers and advocacy for their infants and young children","Shlafer RJ, Hardeman RR, Carlson EA.","Infant Ment Health J. 2019 Sep;40(5):725-741. doi: 10.1002/imhj.21810. Epub 2019 Jul 19.","Shlafer RJ","Infant Ment Health J","2019","2019/07/20","PMC6973282","","10.1002/imhj.21810"
"31318459","Teenage Childbearing, Reproductive Justice, and Infant Mental Health","Hans SL, White BA.","Infant Ment Health J. 2019 Sep;40(5):690-709. doi: 10.1002/imhj.21803. Epub 2019 Jul 18.","Hans SL","Infant Ment Health J","2019","2019/07/19","PMC6972509","","10.1002/imhj.21803"
"31314924","Expanding perspectives: A social inequities lens on intimate partner violence, reproductive justice, and infant mental health","Grady G, Hinshaw-Fuselier S, Friar N.","Infant Ment Health J. 2019 Sep;40(5):624-639. doi: 10.1002/imhj.21809. Epub 2019 Jul 17.","Grady G","Infant Ment Health J","2019","2019/07/18","PMC6972627","","10.1002/imhj.21809"
"31291015","Reflective Capacity: An Antidote to Structural Racism Cultivated Through Mental Health Consultation","Silverman ME, Hutchison MS.","Infant Ment Health J. 2019 Sep;40(5):742-756. doi: 10.1002/imhj.21807. Epub 2019 Jul 10.","Silverman ME","Infant Ment Health J","2019","2019/07/11","PMC6972488","","10.1002/imhj.21807"
"31163074","'I'm going to look for you and take your kids': Reproductive justice in the context of immigration enforcement","Fleming PJ, Lopez WD, Ledon C, Llanes M, Waller A, Harner M, Martinez R, Kruger DJ.","PLoS One. 2019 Jun 4;14(6):e0217898. doi: 10.1371/journal.pone.0217898. eCollection 2019.","Fleming PJ","PLoS One","2019","2019/06/05","PMC6548392","","10.1371/journal.pone.0217898"
"31121439","A reproductive justice approach to understanding women's experiences with HPV and cervical cancer prevention","Sundstrom B, Smith E, Delay C, Luque JS, Davila C, Feder B, Paddock V, Poudrier J, Pierce JY, Brandt HM.","Soc Sci Med. 2019 Jul;232:289-297. doi: 10.1016/j.socscimed.2019.05.010. Epub 2019 May 10.","Sundstrom B","Soc Sci Med","2019","2019/05/24","","","10.1016/j.socscimed.2019.05.010"
"30806163","Who decides to have sex? Exploring the perceptions of Timorese women and men through a reproductive justice lens","Wallace HJ, McDonald S, Belton S, Isolina Miranda A, da Costa E, da Conceicao Matos L, Henderson H, Taft A.","Cult Health Sex. 2020 Jan;22(1):112-127. doi: 10.1080/13691058.2019.1578414. Epub 2019 Feb 26.","Wallace HJ","Cult Health Sex","2020","2019/02/27","","","10.1080/13691058.2019.1578414"
"30411465","A Prospective Study on the Effects of Medicaid Regulation and Other Barriers to Obtaining Postpartum Sterilization","Hahn TA, McKenzie F, Hoffman SM, Daggy J, Tucker Edmonds B.","J Midwifery Womens Health. 2019 Mar;64(2):186-193. doi: 10.1111/jmwh.12909. Epub 2018 Nov 8.","Hahn TA","J Midwifery Womens Health","2019","2018/11/10","","","10.1111/jmwh.12909"
"30095755","Contraception for Women With Intellectual and Developmental Disabilities: Reproductive Justice","Hillard PJA.","Obstet Gynecol. 2018 Sep;132(3):555-558. doi: 10.1097/AOG.0000000000002814.","Hillard PJA","Obstet Gynecol","2018","2018/08/11","","","10.1097/AOG.0000000000002814"
"30094530","Elevating mothers' voices: recommendations for improved patient-centered postpartum","Verbiest S, Tully K, Simpson M, Stuebe A.","J Behav Med. 2018 Oct;41(5):577-590. doi: 10.1007/s10865-018-9961-4. Epub 2018 Aug 9.","Verbiest S","J Behav Med","2018","2018/08/11","","","10.1007/s10865-018-9961-4"
"30004260","Social Justice as Epidemic Control: Two Latin American Case Studies","Nading A, Lowe L.","Med Anthropol. 2018 Aug-Sep;37(6):458-471. doi: 10.1080/01459740.2018.1485021. Epub 2018 Jul 13.","Nading A","Med Anthropol","2018","2018/07/14","","","10.1080/01459740.2018.1485021"
"29613849","Expanding reproductive justice through a supportability reparative justice framework: the case of abortion in South Africa","Macleod CI.","Cult Health Sex. 2019 Jan;21(1):46-62. doi: 10.1080/13691058.2018.1447687. Epub 2018 Apr 3.","Macleod CI","Cult Health Sex","2019","2018/04/04","","","10.1080/13691058.2018.1447687"
"28968620","Counseling Women on Long Acting Reversible Contraceptive (LARC) Use While Maintaining Reproductive Justice","Gandhi C, Nama N, Negbenebor NA, Ansari N, Motta E.","R I Med J (2013). 2017 Oct 2;100(10):35-37.","Gandhi C","R I Med J (2013)","2017","2017/10/03","","",""
"28917139","A good abortion experience: A qualitative exploration of women's needs and preferences in clinical care","Altshuler AL, Ojanen-Goldsmith A, Blumenthal PD, Freedman LR.","Soc Sci Med. 2017 Oct;191:109-116. doi: 10.1016/j.socscimed.2017.09.010. Epub 2017 Sep 8.","Altshuler AL","Soc Sci Med","2017","2017/09/17","","","10.1016/j.socscimed.2017.09.010"
"28426620","Committee Opinion No 699: Adolescent Pregnancy, Contraception, and Sexual Activity","Committee on Adolescent Health Care.","Obstet Gynecol. 2017 May;129(5):e142-e149. doi: 10.1097/AOG.0000000000002045.","Committee on Adolescent Health Care","Obstet Gynecol","2017","2017/04/21","","","10.1097/AOG.0000000000002045"
"28426615","Committee Opinion No. 699: Adolescent Pregnancy, Contraception, and Sexual Activity","","Obstet Gynecol. 2017 May;129(5):965-966. doi: 10.1097/AOG.0000000000002041.","","Obstet Gynecol","2017","2017/04/21","","","10.1097/AOG.0000000000002041"
"28333815","Committee Opinion No 695 Summary: Sterilization of Women: Ethical Issues and Considerations","","Obstet Gynecol. 2017 Apr;129(4):775-776. doi: 10.1097/AOG.0000000000002013.","","Obstet Gynecol","2017","2017/03/24","","","10.1097/AOG.0000000000002013"
"27626337","The Longue Durée of Black Lives Matter","Nelson A.","Am J Public Health. 2016 Oct;106(10):1734-7. doi: 10.2105/AJPH.2016.303422.","Nelson A","Am J Public Health","2016","2016/09/15","PMC5024410","","10.2105/AJPH.2016.303422"
"27285266","Locating LARC Within the Context of Sexual and Reproductive Justice","Roberts L, Kaplan D; Sexual and Reproductive Justice Community Engagement Group and the New York City Department of Health and Mental Hygiene.","Am J Public Health. 2016 Jul;106(7):e13-4. doi: 10.2105/AJPH.2016.303206.","Roberts L","Am J Public Health","2016","2016/06/11","PMC4984769","","10.2105/AJPH.2016.303206"
"27111356","The Paradigm of the Paradox: Women, Pregnant Women, and the Unequal Burdens of the Zika Virus Pandemic","Harris LH, Silverman NS, Marshall MF.","Am J Bioeth. 2016 May;16(5):1-4. doi: 10.1080/15265161.2016.1177367.","Harris LH","Am J Bioeth","2016","2016/04/26","","","10.1080/15265161.2016.1177367"
"26768857","Core competencies in sexual and reproductive health for the interprofessional primary care team","Cappiello J, Levi A, Nothnagle M.","Contraception. 2016 May;93(5):438-45. doi: 10.1016/j.contraception.2015.12.013. Epub 2016 Jan 5.","Cappiello J","Contraception","2016","2016/01/16","","","10.1016/j.contraception.2015.12.013"
"25953108","Beyond the discourse of reproductive choice: narratives of pregnancy resolution among Latina/o teenage parents","Mann ES, Cardona V, Gómez CA.","Cult Health Sex. 2015;17(9):1090-104. doi: 10.1080/13691058.2015.1038853. Epub 2015 May 8.","Mann ES","Cult Health Sex","2015","2015/05/09","","","10.1080/13691058.2015.1038853"
"25713932","Reproductive justice and the pace of change: socioeconomic trends in US infant death rates by legal status of abortion, 1960-1980","Krieger N, Gruskin S, Singh N, Kiang MV, Chen JT, Waterman PD, Gottlieb J, Beckfield J, Coull BA.","Am J Public Health. 2015 Apr;105(4):680-2. doi: 10.2105/AJPH.2014.302401. Epub 2015 Feb 25.","Krieger N","Am J Public Health","2015","2015/02/26","PMC4358198","","10.2105/AJPH.2014.302401"
"24582293","Celebration meets caution: LARC's boons, potential busts, and the benefits of a reproductive justice approach","Higgins JA.","Contraception. 2014 Apr;89(4):237-41. doi: 10.1016/j.contraception.2014.01.027. Epub 2014 Feb 10.","Higgins JA","Contraception","2014","2014/03/04","PMC4251590","NIHMS643861","10.1016/j.contraception.2014.01.027"
"22899635","Indigenous peoples of North America: environmental exposures and reproductive justice","Hoover E, Cook K, Plain R, Sanchez K, Waghiyi V, Miller P, Dufault R, Sislin C, Carpenter DO.","Environ Health Perspect. 2012 Dec;120(12):1645-9. doi: 10.1289/ehp.1205422. Epub 2012 Aug 16.","Hoover E","Environ Health Perspect","2012","2012/08/18","PMC3548285","","10.1289/ehp.1205422"
"20879177","Marching toward reproductive justice: coalitional (re) framing of the March for Women's Lives","Luna ZT.","Sociol Inq. 2010;80(4):554-78. doi: 10.1111/j.1475-682x.2010.00349.x.","Luna ZT","Sociol Inq","2010","2010/10/01","","","10.1111/j.1475-682x.2010.00349.x"
"20857595","""All this that has happened to me shouldn't happen to nobody else"": Loretta Ross and the Women of Color Reproductive Freedom Movement of the 1980s","Nelson J.","J Womens Hist. 2010;22(3):136-60. doi: 10.1353/jowh.2010.0579.","Nelson J","J Womens Hist","2010","2010/09/23","","","10.1353/jowh.2010.0579"
"20857590","The first welfare case: money, sex, marriage, and white supremacy in Selma, 1966: a reproductive justice analysis","Solinger R.","J Womens Hist. 2010;22(3):13-38. doi: 10.1353/jowh.2010.0594.","Solinger R","J Womens Hist","2010","2010/09/23","","","10.1353/jowh.2010.0594"
"20821901","A magic bullet for the “African” mother? Neo-Imperial reproductive futurism and the pharmaceutical “solution” to the HIV/AIDS Crisis","Booth KM.","Soc Polit. 2010;17(3):349-78. doi: 10.1093/sp/jxq012.","Booth KM","Soc Polit","2010","2010/09/09","","","10.1093/sp/jxq012"
"19272493","A call to incorporate a reproductive justice agenda into reproductive health clinical practice and policy","Gilliam ML, Neustadt A, Gordon R.","Contraception. 2009 Apr;79(4):243-6. doi: 10.1016/j.contraception.2008.12.004. Epub 2009 Jan 30.","Gilliam ML","Contraception","2009","2009/03/11","","","10.1016/j.contraception.2008.12.004"
